{"cameraMode":{"drawMode":0,"name":"Shaded","section":"Shading Mode"},"sceneLighting":true,"audioPlay":false,"sceneViewState":{"showFog":true,"showMaterialUpdate":false,"showSkybox":true,"showFlares":true,"showImageEffects":true,"showParticleSystems":true},"in2DMode":false,"pivot":{"x":-16.68174934387207,"y":40.004302978515628,"z":12.464292526245118},"rotation":{"x":0.0007378115551546216,"y":0.9931157827377319,"z":-0.0062665934674441818,"w":0.11703121662139893},"size":10.0,"orthographic":false}