{"cameraMode":{"drawMode":0,"name":"Shaded","section":"Shading Mode"},"sceneLighting":true,"audioPlay":false,"sceneViewState":{"showFog":true,"showMaterialUpdate":true,"showSkybox":true,"showFlares":true,"showImageEffects":true,"showParticleSystems":true},"in2DMode":false,"pivot":{"x":-4.771729469299316,"y":42.07708740234375,"z":2.4562478065490724},"rotation":{"x":-0.00024543036124669015,"y":0.9785981774330139,"z":0.0011645337799564005,"w":0.20582139492034913},"size":8.123772621154786,"orthographic":false}